{"stats":{"minecraft:crafted":{"minecraft:air":36},"minecraft:used":{"minecraft:water_bucket":1,"minecraft:rose_bush":1,"minecraft:lava_bucket":1,"minecraft:stone_pickaxe":44,"minecraft:wooden_pickaxe":10,"pixelmon:platinum_shovel":3,"minecraft:crafting_table":3,"minecraft:carrot":12,"minecraft:bucket":2,"minecraft:acacia_planks":6},"minecraft:dropped":{"minecraft:wheat_seeds":108,"mysticalagriculture:inferium_essence":2,"thermal:strawberry_seeds":1,"minecraft:stick":2},"minecraft:mined":{"minecraft:hay_block":1,"minecraft:carrots":34,"minecraft:wheat":56,"minecraft:grass":4,"minecraft:acacia_log":6,"minecraft:grass_block":1,"minecraft:coal_ore":24,"minecraft:rose_bush":1,"minecraft:sand":2,"minecraft:stone":27},"minecraft:custom":{"minecraft:time_since_rest":11170,"minecraft:waystone_activated":1,"lootr:looted_stat":24,"minecraft:sprint_one_cm":150710,"minecraft:damage_taken":10,"minecraft:walk_one_cm":36921,"minecraft:drop":6,"minecraft:damage_dealt":0,"minecraft:swim_one_cm":25843,"minecraft:interact_with_crafting_table":2,"minecraft:fly_one_cm":151095,"minecraft:play_one_minute":38786,"minecraft:crouch_one_cm":525,"minecraft:sneak_time":456,"minecraft:walk_under_water_one_cm":4685,"minecraft:jump":529,"minecraft:leave_game":2,"minecraft:walk_on_water_one_cm":8922,"minecraft:time_since_death":38786,"minecraft:sleep_in_bed":1,"minecraft:climb_one_cm":3546,"minecraft:fall_one_cm":11760},"minecraft:picked_up":{"minecraft:wheat":47,"thermal:strawberry_seeds":1,"pixelmon:red_trade_machine":1,"minecraft:acacia_log":6,"pixelmon:item_finder":1,"pixelmon:pokemail_wave":1,"minecraft:sand":2,"pixelmon:platinum_shovel":1,"minecraft:carrot":128,"pixelmon:bright_powder":1,"minecraft:dirt":1,"pixelmon:cyan_poke_bag":1,"pixelmon:max_potion":1,"mysticalagriculture:inferium_essence":2,"minecraft:wheat_seeds":108,"waystones:waystone":1,"pixelmongo:egg":2,"minecraft:hay_block":1,"pixelmon:red_pc":1,"minecraft:rose_bush":1,"pixelmon:red_apricorn":1,"tcg:deck":1,"minecraft:coal":24,"pixelmon:yellow_apricorn":1,"minecraft:cobblestone":27}},"DataVersion":2586}