{"stats":{"minecraft:broken":{"minecraft:stone_axe":1},"minecraft:dropped":{"pixelmon:max_repel":1,"minecraft:wheat_seeds":108,"pixelmon:cooked_pink_apricorn":2,"inventorypets:pet_anvil":2,"minecraft:stick":4,"byg:baobab_planks":14,"minecraft:dirt":46,"minecraft:sand":34,"thermal:radish_seeds":4,"minecraft:string":3,"minecraft:lily_pad":9,"thermal:green_bean_seeds":1,"pixelmon:red_apricorn":1,"pixelmon:yellow_apricorn":1,"minecraft:grindstone":1,"thermal:strawberry_seeds":1,"pixelmon:white_apricorn":1,"minecraft:carrot":1,"thermal:eggplant_seeds":1,"minecraft:hay_block":1,"minecraft:flower_pot":2,"mysticalagriculture:inferium_essence":2,"pixelmon:old_rod":1,"byg:tiny_lilypads":4,"minecraft:iron_bars":2,"minecraft:blue_orchid":1,"minecraft:wooden_pickaxe":1,"pixelmon:repel":5},"minecraft:custom":{"lootr:looted_stat":127,"minecraft:mob_kills":4,"minecraft:interact_with_crafting_table":20,"minecraft:leave_game":4,"minecraft:time_since_death":141602,"minecraft:climb_one_cm":16508,"minecraft:sprint_one_cm":518675,"minecraft:walk_one_cm":272612,"minecraft:drop":53,"minecraft:sneak_time":3655,"minecraft:walk_under_water_one_cm":19558,"minecraft:boat_one_cm":45206,"minecraft:jump":1825,"minecraft:interact_with_brewingstand":1,"minecraft:walk_on_water_one_cm":17856,"minecraft:interact_with_furnace":15,"minecraft:play_one_minute":141602,"minecraft:sleep_in_bed":3,"minecraft:time_since_rest":17500,"minecraft:waystone_activated":2,"minecraft:damage_taken":615,"minecraft:damage_dealt":730,"minecraft:swim_one_cm":57090,"minecraft:fly_one_cm":481104,"minecraft:open_chest":39,"minecraft:crouch_one_cm":10929,"minecraft:fall_one_cm":45932},"minecraft:crafted":{"minecraft:glass":4,"minecraft:air":562,"byg:baobab_slab":54,"minecraft:iron_ingot":8},"minecraft:mined":{"byg:baobab_door":1,"minecraft:oak_door":1,"minecraft:ladder":1,"minecraft:acacia_log":6,"minecraft:grass_block":177,"byg:baobab_planks":9,"minecraft:hay_block":1,"minecraft:furnace":1,"minecraft:carrots":34,"minecraft:iron_ore":17,"byg:baobab_stairs":1,"minecraft:iron_bars":2,"minecraft:stone":342,"byg:baobab_slab":5,"oredimensionconfiguration:stone_quartz_ore":13,"pixelmongo:incubator":1,"lootr:lootr_barrel":3,"minecraft:crafting_table":1,"byg:baobab_log":223,"minecraft:rose_bush":2,"minecraft:glass":11,"minecraft:cobblestone":1,"minecraft:wall_torch":3,"a_man_with_plushies:sans_plush":1,"minecraft:birch_planks":1,"byg:soapstone":31,"byg:palm_log":2,"minecraft:wheat":56,"byg:short_grass":4,"minecraft:grass":64,"minecraft:coal_ore":24,"minecraft:dirt":25,"minecraft:sand":34,"thermal:nickel_ore":6,"minecraft:oak_leaves":1,"minecraft:fern":1},"minecraft:picked_up":{"minecraft:crafting_table":1,"minecraft:wheat":47,"byg:soapstone":31,"minecraft:ladder":1,"minecraft:flower_pot":2,"byg:tiny_lilypads":4,"pixelmon:platinum_shovel":1,"forcecraft:spoils_bag":3,"minecraft:string":3,"byg:red_rock":44,"byg:baobab_log":221,"minecraft:blue_orchid":1,"mysticalagriculture:inferium_essence":4,"a_man_with_plushies:golden_plush_box":2,"minecraft:rose_bush":1,"pixelmongo:incubator":2,"minecraft:furnace":1,"minecraft:torch":4,"minecraft:acacia_log":6,"pixelmon:item_finder":1,"pixelmon:pokemail_wave":1,"a_man_with_plushies:plush_box":1,"byg:baobab_slab":5,"minecraft:carrot":128,"pixelmon:water_gem":1,"a_man_with_plushies:sans_plush":2,"minecraft:hay_block":1,"pixelmon:red_pc":2,"thermal:radish_seeds":4,"pixelmon:red_apricorn":2,"byg:palm_log":2,"minecraft:iron_bars":2,"minecraft:cobblestone":340,"pixelmon:red_trade_machine":1,"pixelmon:hyper_potion":1,"pixelmon:poke_ball":1,"minecraft:birch_planks":1,"minecraft:lily_pad":9,"pixelmon:white_apricorn":1,"minecraft:dirt":200,"lootr:trophy":1,"pixelmon:max_potion":2,"pixelmon:cyan_poke_bag":1,"pixelmon:super_potion":1,"byg:baobab_planks":23,"pixelmon:cooked_pink_apricorn":2,"minecraft:wheat_seeds":108,"pixelmon:potion":1,"minecraft:grindstone":1,"pixelmon:max_revive":2,"minecraft:iron_ore":17,"tcg:deck":1,"pixelmon:yellow_apricorn":3,"thermal:strawberry_seeds":1,"minecraft:quartz":13,"thermal:nickel_ore":6,"minecraft:sand":33,"thermal:green_bean_seeds":1,"pixelmon:bright_powder":1,"pixelmon:blue_apricorn":3,"pixelmon:cooked_yellow_apricorn":1,"byg:baobab_stairs":1,"inventorypets:pet_anvil":2,"waystones:waystone":1,"pixelmongo:egg":5,"thermal:eggplant_seeds":1,"minecraft:painting":1,"byg:baobab_door":1,"minecraft:coal":24},"minecraft:used":{"minecraft:rose_bush":1,"byg:baobab_planks":218,"minecraft:ladder":1,"minecraft:chest":5,"lootr:trophy":2,"pixelmon:red_trade_machine":1,"minecraft:torch":9,"minecraft:hopper":1,"minecraft:carrot":40,"byg:baobab_slab":99,"byg:palm_boat":1,"minecraft:glass":43,"minecraft:lava_bucket":1,"byg:baobab_stairs":15,"minecraft:iron_axe":121,"pixelmon:red_pc":2,"pixelmon:platinum_shovel":271,"a_man_with_plushies:plush_box":1,"minecraft:furnace":2,"a_man_with_plushies:sans_plush":2,"minecraft:acacia_planks":6,"minecraft:water_bucket":14,"minecraft:stone_pickaxe":49,"minecraft:wooden_pickaxe":10,"pixelmongo:incubator":1,"a_man_with_plushies:golden_plush_box":2,"minecraft:crafting_table":6,"minecraft:diamond_pickaxe":385,"minecraft:bread":7,"byg:baobab_door":3,"minecraft:stone_axe":145,"byg:baobab_log":110,"minecraft:cobblestone":19,"minecraft:bucket":15,"pixelmon:ruby_sword":17},"minecraft:killed":{"minecraft:drowned":1,"minecraft:pillager":3}},"DataVersion":2586}