{"stats":{"minecraft:crafted":{"minecraft:air":36},"minecraft:used":{"minecraft:water_bucket":1,"minecraft:rose_bush":1,"minecraft:lava_bucket":1,"minecraft:stone_pickaxe":49,"minecraft:wooden_pickaxe":10,"pixelmon:platinum_shovel":3,"minecraft:cobblestone":1,"a_man_with_plushies:plush_box":1,"minecraft:crafting_table":3,"minecraft:carrot":12,"minecraft:bucket":2,"minecraft:acacia_planks":6},"minecraft:dropped":{"minecraft:wheat_seeds":108,"minecraft:flower_pot":1,"pixelmon:cooked_pink_apricorn":1,"mysticalagriculture:inferium_essence":2,"thermal:strawberry_seeds":1,"minecraft:string":1,"minecraft:stick":2},"minecraft:mined":{"minecraft:hay_block":1,"minecraft:birch_planks":1,"minecraft:carrots":34,"minecraft:wheat":56,"minecraft:grass":4,"minecraft:acacia_log":6,"minecraft:grass_block":1,"minecraft:coal_ore":24,"minecraft:iron_bars":2,"minecraft:rose_bush":1,"minecraft:sand":2,"minecraft:stone":27},"minecraft:custom":{"minecraft:time_since_rest":18435,"minecraft:waystone_activated":1,"lootr:looted_stat":30,"minecraft:sprint_one_cm":171004,"minecraft:damage_taken":30,"minecraft:walk_one_cm":40829,"minecraft:drop":9,"minecraft:damage_dealt":0,"minecraft:swim_one_cm":53381,"minecraft:interact_with_crafting_table":2,"minecraft:fly_one_cm":184265,"minecraft:play_one_minute":46051,"minecraft:crouch_one_cm":525,"minecraft:sneak_time":639,"minecraft:walk_under_water_one_cm":10126,"minecraft:boat_one_cm":1262,"minecraft:jump":655,"minecraft:leave_game":4,"minecraft:time_since_death":46051,"minecraft:walk_on_water_one_cm":13177,"minecraft:sleep_in_bed":1,"minecraft:climb_one_cm":4075,"minecraft:fall_one_cm":14045},"minecraft:picked_up":{"minecraft:wheat":47,"minecraft:flower_pot":2,"thermal:strawberry_seeds":1,"pixelmon:red_trade_machine":1,"minecraft:acacia_log":6,"pixelmon:item_finder":1,"minecraft:birch_planks":1,"pixelmon:pokemail_wave":1,"a_man_with_plushies:plush_box":1,"minecraft:sand":2,"pixelmon:platinum_shovel":1,"minecraft:carrot":128,"pixelmon:bright_powder":1,"minecraft:dirt":1,"minecraft:string":1,"pixelmon:max_potion":2,"pixelmon:cyan_poke_bag":1,"pixelmon:super_potion":1,"pixelmon:cooked_pink_apricorn":1,"minecraft:blue_orchid":1,"minecraft:wheat_seeds":108,"mysticalagriculture:inferium_essence":2,"waystones:waystone":1,"pixelmongo:egg":2,"pixelmon:potion":1,"minecraft:hay_block":1,"minecraft:rose_bush":1,"pixelmon:red_pc":1,"pixelmon:red_apricorn":1,"tcg:deck":1,"minecraft:iron_bars":2,"minecraft:coal":24,"pixelmon:yellow_apricorn":1,"minecraft:cobblestone":27}},"DataVersion":2586}