{"stats":{"minecraft:crafted":{"minecraft:glass":4,"minecraft:air":573,"byg:baobab_slab":54,"minecraft:iron_ingot":8},"minecraft:broken":{"minecraft:stone_axe":1},"minecraft:killed_by":{"minecraft:wither_skeleton":1},"minecraft:used":{"minecraft:rose_bush":1,"minecraft:ladder":1,"byg:baobab_planks":218,"minecraft:chest":7,"lootr:trophy":2,"pixelmon:red_trade_machine":1,"minecraft:torch":9,"minecraft:dirt":2,"minecraft:hopper":4,"minecraft:carrot":45,"byg:baobab_slab":99,"byg:palm_boat":1,"minecraft:glass":43,"minecraft:lava_bucket":1,"minecraft:spruce_wood":2,"byg:baobab_stairs":15,"minecraft:iron_axe":125,"pixelmon:red_pc":2,"pixelmon:platinum_shovel":271,"minecraft:stone_bricks":4,"a_man_with_plushies:plush_box":1,"a_man_with_plushies:sans_plush":2,"minecraft:furnace":3,"minecraft:acacia_planks":6,"minecraft:cooked_mutton":10,"minecraft:water_bucket":17,"minecraft:polished_andesite":1,"minecraft:stone_pickaxe":49,"minecraft:wooden_pickaxe":10,"pixelmongo:incubator":1,"a_man_with_plushies:golden_plush_box":2,"minecraft:crafting_table":6,"minecraft:diamond_pickaxe":388,"minecraft:bread":7,"byg:baobab_door":3,"minecraft:stone_axe":145,"minecraft:chiseled_stone_bricks":3,"byg:baobab_log":110,"minecraft:cobblestone":19,"minecraft:bucket":18,"quark:oak_chest":1,"pixelmon:ruby_sword":29},"minecraft:custom":{"lootr:looted_stat":159,"minecraft:mob_kills":6,"minecraft:inspect_hopper":1,"minecraft:interact_with_crafting_table":22,"minecraft:damage_dealt_resisted":138,"minecraft:leave_game":4,"minecraft:time_since_death":4215,"minecraft:climb_one_cm":19169,"minecraft:sprint_one_cm":874901,"minecraft:walk_one_cm":325008,"minecraft:drop":184,"minecraft:deaths":1,"minecraft:sneak_time":3885,"minecraft:walk_under_water_one_cm":22896,"minecraft:boat_one_cm":45206,"minecraft:jump":3259,"minecraft:interact_with_brewingstand":2,"minecraft:walk_on_water_one_cm":24911,"minecraft:interact_with_furnace":18,"minecraft:play_one_minute":198805,"minecraft:sleep_in_bed":3,"minecraft:time_since_rest":4292,"minecraft:waystone_activated":4,"minecraft:damage_taken":1051,"minecraft:damage_dealt":939,"minecraft:swim_one_cm":97895,"minecraft:fly_one_cm":873868,"minecraft:open_chest":80,"minecraft:crouch_one_cm":11243,"minecraft:fall_one_cm":83712},"minecraft:dropped":{"pixelmon:amethyst_hoe":1,"minecraft:iron_ingot":2,"minecraft:iron_sword":4,"pixelmon:max_repel":1,"minecraft:wheat_seeds":108,"pixelmon:gold_hammer":1,"pixelmon:bauxite_ore":2,"forcecraft:life_card":2,"pixelmon:sapphire_hammer":3,"pixelmon:cooked_pink_apricorn":2,"inventorypets:pet_anvil":2,"pixelmon:iron_hammer":2,"minecraft:book":2,"minecraft:spectral_arrow":30,"minecraft:apple":1,"forcecraft:force_sapling":3,"minecraft:coal":8,"pixelmon:green_apricorn":2,"minecraft:polished_andesite":10,"minecraft:stick":13,"byg:baobab_planks":14,"forcecraft:force_pickaxe":4,"pixelmon:steel_gem":7,"minecraft:dirt":46,"minecraft:dark_oak_log":2,"forcecraft:force_arrow":30,"minecraft:cooked_cod":6,"pixelmon:draco_plate":1,"pixelmon:silver_axe":2,"gravestone:obituary":1,"minecraft:sand":66,"pixelmon:galactic_boots":1,"forcecraft:force_ingot":27,"thermal:radish_seeds":4,"pixelmon:silver_hammer":1,"minecraft:iron_shovel":1,"pixelmon:crystal_axe":1,"minecraft:string":3,"minecraft:birch_log":3,"minecraft:lily_pad":9,"thermal:green_bean_seeds":1,"forcecraft:force_bucket":1,"pixelmon:sapphire_sword":1,"minecraft:gold_ingot":6,"minecraft:redstone":9,"pixelmon:black_apricorn":2,"pixelmon:amethyst_hammer":2,"pixelmon:aluminium_ingot":7,"minecraft:stone_axe":2,"forcecraft:baconator":1,"pixelmon:red_apricorn":2,"minecraft:ancient_debris":2,"forcecraft:fortune_cookie":3,"minecraft:netherite_ingot":2,"pixelmon:yellow_apricorn":3,"minecraft:dark_oak_sign":1,"pixelmon:sapphire_pickaxe":1,"pixelmon:legendary_music_disc":1,"minecraft:grindstone":1,"minecraft:oak_planks":15,"pixelmon:max_revive":1,"pixelmon:aluminium_hammer":2,"pixelmon:platinum_hammer":1,"thermal:strawberry_seeds":1,"pixelmon:white_apricorn":1,"minecraft:salmon":4,"minecraft:carrot":1,"thermal:eggplant_seeds":1,"pixelmon:cooked_white_apricorn":1,"forcecraft:force_shears":4,"minecraft:hay_block":1,"pixelmon:platinum_ingot":2,"forcecraft:force_mitt":4,"minecraft:flower_pot":2,"pixelmon:blue_apricorn":1,"forcecraft:force_gem":11,"mysticalagriculture:inferium_essence":2,"pixelmon:film":1,"byg:tiny_lilypads":4,"pixelmon:old_rod":1,"forcecraft:force_shovel":3,"forcecraft:force_axe":4,"minecraft:iron_ore":2,"minecraft:iron_bars":2,"minecraft:blue_orchid":1,"minecraft:wooden_pickaxe":2,"pixelmon:ruby_pickaxe":1,"pixelmon:cooked_yellow_apricorn":1,"pixelmon:repel":5,"minecraft:stone_brick_stairs":21,"pixelmon:aluminium_shovel":1,"forcecraft:force_sword":3,"pixelmon:revive":1},"minecraft:mined":{"byg:maple_log":1,"byg:baobab_door":1,"minecraft:oak_door":1,"gravestone:gravestone":1,"minecraft:ladder":1,"minecraft:acacia_log":6,"minecraft:grass_block":177,"byg:baobab_planks":9,"minecraft:hopper":2,"minecraft:hay_block":1,"minecraft:furnace":2,"minecraft:carrots":34,"minecraft:iron_ore":17,"byg:baobab_stairs":1,"minecraft:iron_bars":2,"minecraft:spruce_wood":2,"minecraft:stone":342,"byg:baobab_slab":5,"oredimensionconfiguration:stone_quartz_ore":13,"pixelmongo:incubator":1,"lootr:lootr_barrel":3,"minecraft:crafting_table":1,"minecraft:chest":2,"byg:baobab_log":223,"minecraft:rose_bush":2,"minecraft:tall_grass":1,"minecraft:glass":11,"minecraft:cobblestone":1,"minecraft:wall_torch":3,"a_man_with_plushies:sans_plush":1,"minecraft:birch_planks":1,"byg:soapstone":31,"byg:palm_log":2,"minecraft:wheat":56,"byg:short_grass":4,"minecraft:grass":66,"minecraft:coal_ore":24,"minecraft:sand":34,"minecraft:dirt":25,"thermal:nickel_ore":6,"minecraft:oak_leaves":2,"minecraft:fern":1},"minecraft:killed":{"minecraft:drowned":1,"minecraft:pillager":3,"minecraft:wither_skeleton":1},"minecraft:picked_up":{"minecraft:wheat":47,"minecraft:crafting_table":1,"byg:soapstone":31,"pixelmon:steel_gem":1,"pixelmon:sapphire_hammer":1,"minecraft:flower_pot":2,"minecraft:ladder":1,"minecraft:stone_brick_stairs":21,"forcecraft:force_sword":1,"byg:tiny_lilypads":4,"pixelmon:platinum_shovel":1,"forcecraft:spoils_bag":3,"pixelmon:cooked_white_apricorn":1,"pixelmon:relic_band":1,"minecraft:string":3,"pixelmon:custom_music_disc":1,"byg:red_rock":44,"minecraft:iron_shovel":1,"minecraft:netherite_ingot":1,"byg:baobab_log":221,"minecraft:blue_orchid":1,"forcecraft:force_ingot":7,"mysticalagriculture:inferium_essence":4,"a_man_with_plushies:golden_plush_box":2,"minecraft:rose_bush":1,"pixelmongo:incubator":8,"minecraft:chest":2,"minecraft:furnace":2,"pixelmon:green_apricorn":2,"pixelmon:black_apricorn":2,"pixelmon:iron_hammer":1,"minecraft:torch":4,"minecraft:acacia_log":6,"pixelmon:item_finder":1,"pixelmon:pokemail_wave":1,"a_man_with_plushies:plush_box":1,"byg:baobab_slab":5,"minecraft:carrot":128,"minecraft:redstone":9,"pixelmon:water_gem":1,"minecraft:cooked_cod":6,"a_man_with_plushies:sans_plush":2,"forcecraft:force_shovel":1,"minecraft:hay_block":11,"pixelmon:red_pc":2,"minecraft:gold_ingot":6,"thermal:radish_seeds":4,"pixelmon:red_apricorn":3,"byg:palm_log":2,"minecraft:iron_bars":2,"minecraft:blaze_powder":4,"minecraft:cobblestone":340,"pixelmon:revive":1,"pixelmon:red_trade_machine":1,"pixelmon:hyper_potion":1,"pixelmon:draco_plate":1,"minecraft:birch_planks":1,"pixelmon:poke_ball":1,"minecraft:lily_pad":9,"minecraft:ancient_debris":2,"pixelmon:white_apricorn":1,"minecraft:dirt":200,"lootr:trophy":1,"pixelmon:super_potion":3,"pixelmon:cyan_poke_bag":1,"pixelmon:max_potion":3,"byg:baobab_planks":23,"pixelmon:cooked_pink_apricorn":2,"minecraft:stone_bricks":4,"minecraft:wheat_seeds":108,"minecraft:spruce_wood":2,"minecraft:iron_ingot":1,"pixelmon:potion":2,"minecraft:grindstone":1,"pixelmon:max_revive":3,"minecraft:dark_oak_sign":1,"minecraft:iron_ore":17,"pixelmon:platinum_ingot":1,"tcg:deck":1,"pixelmon:yellow_apricorn":5,"byg:maple_log":1,"forcecraft:life_card":2,"minecraft:chiseled_stone_bricks":3,"thermal:strawberry_seeds":1,"minecraft:quartz":13,"thermal:nickel_ore":6,"minecraft:sand":65,"forcecraft:force_shears":2,"thermal:green_bean_seeds":1,"pixelmon:bright_powder":1,"minecraft:spectral_arrow":15,"pixelmon:blue_apricorn":4,"pixelmon:cooked_yellow_apricorn":2,"byg:baobab_stairs":1,"minecraft:polished_andesite":11,"inventorypets:pet_anvil":2,"waystones:waystone":1,"pixelmongo:egg":15,"pixelmon:amethyst_hammer":1,"thermal:eggplant_seeds":1,"minecraft:painting":1,"byg:baobab_door":1,"forcecraft:force_pickaxe":1,"pixelmon:legendary_music_disc":2,"forcecraft:force_axe":2,"minecraft:coal":37,"minecraft:hopper":2}},"DataVersion":2586}