{"stats":{"minecraft:used":{"minecraft:water_bucket":1,"minecraft:lava_bucket":1,"minecraft:carrot":4,"minecraft:bucket":2},"minecraft:mined":{"minecraft:grass":3,"minecraft:hay_block":1,"minecraft:carrots":34,"minecraft:wheat":56},"minecraft:custom":{"minecraft:time_since_rest":14786,"minecraft:waystone_activated":1,"minecraft:crouch_one_cm":155,"minecraft:play_one_minute":14786,"lootr:looted_stat":15,"minecraft:sprint_one_cm":77003,"minecraft:walk_one_cm":16485,"minecraft:sneak_time":57,"minecraft:walk_under_water_one_cm":88,"minecraft:jump":309,"minecraft:damage_dealt":0,"minecraft:leave_game":2,"minecraft:time_since_death":14786,"minecraft:walk_on_water_one_cm":1553,"minecraft:climb_one_cm":1111,"minecraft:swim_one_cm":495,"minecraft:fall_one_cm":8499,"minecraft:fly_one_cm":91028},"minecraft:picked_up":{"pixelmon:cyan_poke_bag":1,"pixelmon:max_potion":1,"minecraft:wheat":47,"minecraft:wheat_seeds":108,"pixelmongo:egg":1,"pixelmon:item_finder":1,"pixelmon:pokemail_wave":1,"minecraft:hay_block":1,"pixelmon:platinum_shovel":1,"pixelmon:red_apricorn":1,"minecraft:carrot":128,"pixelmon:bright_powder":1,"tcg:deck":1}},"DataVersion":2586}