{"stats":{"minecraft:picked_up":{"pixelmon:poke_ball_lid":1,"minecraft:wheat":64,"pixelmon:red_trade_machine":1,"pixelmon:poke_ball":2,"pixelmon:aluminium_ingot":1,"minecraft:oak_log":5,"minecraft:dirt":3,"minecraft:string":1,"minecraft:red_bed":1,"a_man_with_plushies:henry_stickmin_plush":2,"pixelmon:super_potion":1,"pixelmon:max_potion":1,"pixelmon:platinum_base":1,"pixelmon:cooked_black_apricorn":1,"minecraft:wheat_seeds":128,"pixelmon:potion":1,"minecraft:melon_slice":3,"thermal:spinach_seeds":1,"pixelmon:green_apricorn":1,"minecraft:stick":1,"minecraft:oak_door":1,"minecraft:acacia_log":8,"a_man_with_plushies:plush_box":1,"minecraft:sand":8,"minecraft:stone_button":1,"thermal:onion_seeds":1,"thermal:peanut_seeds":1,"pixelmongo:egg":4,"minecraft:hay_block":23,"pixelmon:red_pc":1,"minecraft:bread":1,"minecraft:oak_sapling":1,"minecraft:cobblestone":1},"minecraft:custom":{"lootr:looted_stat":11,"minecraft:interact_with_crafting_table":5,"minecraft:play_one_minute":46196,"minecraft:eat_cake_slice":1,"minecraft:leave_game":2,"minecraft:time_since_death":40849,"minecraft:sleep_in_bed":2,"minecraft:time_since_rest":19670,"minecraft:sprint_one_cm":209222,"minecraft:damage_taken":790,"minecraft:walk_one_cm":41710,"minecraft:drop":13,"minecraft:swim_one_cm":36411,"minecraft:fly_one_cm":262635,"minecraft:crouch_one_cm":2183,"minecraft:deaths":1,"minecraft:sneak_time":1042,"minecraft:walk_under_water_one_cm":11645,"minecraft:jump":922,"minecraft:interact_with_brewingstand":1,"minecraft:walk_on_water_one_cm":8377,"minecraft:fall_one_cm":22463},"minecraft:used":{"minecraft:water_bucket":7,"minecraft:wooden_pickaxe":4,"minecraft:oak_door":2,"minecraft:dirt":1,"minecraft:sand":7,"minecraft:crafting_table":3,"minecraft:red_bed":1,"minecraft:wooden_axe":11,"minecraft:bread":13,"minecraft:melon_slice":3,"a_man_with_plushies:henry_stickmin_plush":1,"a_man_with_plushies:plush_box":1,"minecraft:bucket":8,"minecraft:acacia_planks":12},"minecraft:crafted":{"minecraft:air":350,"minecraft:wheat":9},"minecraft:dropped":{"pixelmon:aluminium_ingot":1,"thermal:onion_seeds":1,"thermal:spinach_seeds":1,"minecraft:wheat_seeds":64,"minecraft:cobblestone":1,"minecraft:carrot":2,"farmersdelight:rice":3,"minecraft:stick":1,"minecraft:filled_map":1,"minecraft:dirt":2,"gravestone:obituary":1,"thermal:peanut_seeds":1,"minecraft:acacia_planks":4},"minecraft:mined":{"minecraft:red_bed":1,"minecraft:oak_door":1,"pixelmon:red_healer":1,"gravestone:gravestone":1,"minecraft:acacia_log":8,"minecraft:grass_block":3,"minecraft:melon":1,"minecraft:tall_grass":10,"minecraft:hay_block":23,"minecraft:wheat":80,"a_man_with_plushies:henry_stickmin_plush":1,"minecraft:grass":27,"minecraft:oak_log":5,"minecraft:sand":8,"minecraft:gravel":1,"minecraft:stone":1,"minecraft:oak_leaves":2}},"DataVersion":2586}