{"stats":{"minecraft:crafted":{"minecraft:air":30},"minecraft:used":{"minecraft:water_bucket":1,"minecraft:rose_bush":1,"minecraft:lava_bucket":1,"minecraft:wooden_pickaxe":3,"minecraft:crafting_table":2,"minecraft:carrot":6,"minecraft:bucket":2,"minecraft:acacia_planks":6},"minecraft:dropped":{"minecraft:wheat_seeds":108,"minecraft:stick":2},"minecraft:mined":{"minecraft:hay_block":1,"minecraft:carrots":34,"minecraft:wheat":56,"minecraft:grass":4,"minecraft:acacia_log":6,"minecraft:rose_bush":1},"minecraft:custom":{"minecraft:time_since_rest":26786,"minecraft:waystone_activated":1,"lootr:looted_stat":24,"minecraft:sprint_one_cm":122339,"minecraft:walk_one_cm":27414,"minecraft:drop":3,"minecraft:damage_dealt":0,"minecraft:swim_one_cm":25843,"minecraft:interact_with_crafting_table":1,"minecraft:fly_one_cm":132417,"minecraft:play_one_minute":26786,"minecraft:crouch_one_cm":449,"minecraft:sneak_time":128,"minecraft:walk_under_water_one_cm":4685,"minecraft:jump":455,"minecraft:leave_game":2,"minecraft:walk_on_water_one_cm":7279,"minecraft:time_since_death":26786,"minecraft:climb_one_cm":2716,"minecraft:fall_one_cm":10798},"minecraft:picked_up":{"minecraft:wheat":47,"pixelmon:red_trade_machine":1,"minecraft:acacia_log":6,"pixelmon:item_finder":1,"pixelmon:pokemail_wave":1,"pixelmon:platinum_shovel":1,"minecraft:carrot":128,"pixelmon:bright_powder":1,"pixelmon:cyan_poke_bag":1,"pixelmon:max_potion":1,"minecraft:wheat_seeds":108,"waystones:waystone":1,"pixelmongo:egg":2,"minecraft:hay_block":1,"pixelmon:red_pc":1,"minecraft:rose_bush":1,"pixelmon:red_apricorn":1,"tcg:deck":1,"pixelmon:yellow_apricorn":1}},"DataVersion":2586}