{"stats":{"minecraft:used":{"minecraft:bread":1},"minecraft:dropped":{"pixelmon:paralyze_heal":1},"minecraft:custom":{"minecraft:time_since_rest":1302,"minecraft:play_one_minute":11966,"minecraft:crouch_one_cm":62,"minecraft:sprint_one_cm":29431,"lootr:looted_stat":1,"minecraft:walk_one_cm":10098,"minecraft:damage_taken":230,"minecraft:deaths":1,"minecraft:sneak_time":22,"minecraft:walk_under_water_one_cm":11046,"minecraft:drop":1,"minecraft:jump":178,"minecraft:time_since_death":1263,"minecraft:walk_on_water_one_cm":1202,"minecraft:sleep_in_bed":1,"minecraft:swim_one_cm":14965,"minecraft:fall_one_cm":5316,"minecraft:fly_one_cm":53214},"minecraft:mined":{"gravestone:gravestone":1,"minecraft:tall_seagrass":1,"minecraft:gravel":1},"minecraft:picked_up":{"pixelmon:paralyze_heal":1,"pixelmon:hyper_potion":1,"minecraft:stone_button":3,"pixelmongo:incubator":1}},"DataVersion":2586}