{"stats":{"minecraft:crafted":{"minecraft:air":13},"minecraft:used":{"minecraft:bread":4,"minecraft:wooden_pickaxe":19,"minecraft:crafting_table":1,"minecraft:coarse_dirt":4},"minecraft:dropped":{"minecraft:bread":1,"minecraft:stone_button":3,"minecraft:arrow":2,"pixelmon:paralyze_heal":1},"minecraft:mined":{"minecraft:stone_stairs":1,"minecraft:tall_seagrass":1,"minecraft:coarse_dirt":5,"minecraft:cobblestone_wall":1,"minecraft:soul_lantern":1,"thermal:oil_sand":1,"gravestone:gravestone":1,"minecraft:grass_block":1,"minecraft:dead_brain_coral_wall_fan":1,"minecraft:andesite_slab":1,"minecraft:gravel":1,"byg:palo_verde_log":2,"minecraft:stone_slab":2,"minecraft:stone":6,"minecraft:grindstone":1,"minecraft:sugar_cane":4},"minecraft:custom":{"minecraft:time_since_rest":25302,"minecraft:waystone_activated":1,"lootr:looted_stat":6,"minecraft:sprint_one_cm":66539,"minecraft:damage_taken":360,"minecraft:walk_one_cm":29632,"minecraft:drop":4,"minecraft:damage_dealt":37,"minecraft:swim_one_cm":30658,"minecraft:interact_with_crafting_table":1,"minecraft:fly_one_cm":108037,"minecraft:crouch_one_cm":62,"minecraft:play_one_minute":35966,"minecraft:deaths":1,"minecraft:sneak_time":27,"minecraft:walk_under_water_one_cm":12774,"minecraft:jump":375,"minecraft:walk_on_water_one_cm":2955,"minecraft:time_since_death":25263,"minecraft:sleep_in_bed":1,"minecraft:fall_one_cm":10628},"minecraft:picked_up":{"minecraft:coarse_dirt":5,"minecraft:stone_slab":4,"pixelmon:hyper_potion":1,"waystones:sandy_waystone":1,"minecraft:stone_button":3,"minecraft:cobblestone_wall":1,"thermal:oil_sand":1,"minecraft:dirt":1,"minecraft:stone_stairs":1,"pixelmon:cooked_red_apricorn":2,"pixelmon:cooked_yellow_apricorn":1,"minecraft:arrow":2,"mysticalagriculture:inferium_essence":1,"minecraft:soul_lantern":1,"pixelmon:paralyze_heal":1,"byg:palo_verde_log":2,"minecraft:grindstone":1,"minecraft:bread":1,"pixelmon:red_apricorn":1,"pixelmongo:incubator":1,"minecraft:sugar_cane":10,"minecraft:andesite_slab":2,"minecraft:cobblestone":6}},"DataVersion":2586}