{"stats":{"minecraft:crafted":{"minecraft:air":104},"minecraft:killed_by":{"minecraft:vindicator":3},"minecraft:used":{"minecraft:rose_bush":1,"waystones:sandy_waystone":1,"minecraft:ladder":4,"pixelmon:ultra_desert_sand":1,"minecraft:iron_sword":26,"minecraft:cooked_chicken":4,"minecraft:dirt":11,"a_man_with_plushies:cuphead_plush":1,"minecraft:stone_stairs":1,"a_man_with_plushies:off_plush":1,"minecraft:iron_axe":1,"minecraft:stone_bricks":1,"a_man_with_plushies:plush_box":4,"minecraft:acacia_boat":1,"minecraft:sandstone_stairs":1,"minecraft:stone_pickaxe":78,"minecraft:wooden_pickaxe":20,"pixelmongo:incubator":2,"minecraft:sand":11,"minecraft:crafting_table":3,"minecraft:red_bed":4,"minecraft:apple":32,"minecraft:diamond_shovel":220,"minecraft:bread":25,"pixelmon:aluminium_pickaxe":68,"minecraft:stone_axe":29,"minecraft:cooked_rabbit":4,"quark:oak_chest":2,"minecraft:coarse_dirt":4,"byg:red_rock":42},"minecraft:custom":{"lootr:looted_stat":68,"minecraft:mob_kills":8,"minecraft:interact_with_crafting_table":7,"minecraft:interact_with_campfire":8,"minecraft:leave_game":1,"minecraft:time_since_death":35763,"minecraft:climb_one_cm":7531,"minecraft:sprint_one_cm":582943,"minecraft:walk_one_cm":299647,"minecraft:drop":87,"minecraft:deaths":5,"minecraft:sneak_time":1260,"minecraft:walk_under_water_one_cm":28614,"minecraft:boat_one_cm":3474,"minecraft:interact_with_lectern":1,"minecraft:jump":3087,"minecraft:walk_on_water_one_cm":22037,"minecraft:play_one_minute":212669,"minecraft:sleep_in_bed":7,"minecraft:time_since_rest":6307,"minecraft:waystone_activated":3,"minecraft:damage_taken":3025,"minecraft:damage_dealt":1822,"minecraft:swim_one_cm":147976,"minecraft:fly_one_cm":923386,"minecraft:open_chest":60,"minecraft:crouch_one_cm":3502,"minecraft:fall_one_cm":129176},"minecraft:dropped":{"minecraft:bread":1,"minecraft:birch_planks":1,"pixelmon:cooked_pink_apricorn":2,"inventorypets:pet_anvil":2,"pixelmon:pink_apricorn":1,"byg:red_rock":48,"minecraft:cobblestone":11,"minecraft:stick":1,"minecraft:dirt":3,"pixelmon:ice_memory":1,"minecraft:stone_button":3,"byg:soapstone":1,"minecraft:string":4,"byg:baobab_log":1,"pixelmon:poison_gem":1,"pixelmon:paralyze_heal":1,"pixelmon:black_apricorn":2,"pixelmon:aluminium_ingot":1,"lootr:trophy":2,"minecraft:kelp":2,"pixelmon:red_apricorn":1,"quark:root_item":1,"minecraft:iron_nugget":5,"minecraft:cobblestone_wall":3,"minecraft:andesite_slab":6,"minecraft:soul_lantern":1,"minecraft:rotten_flesh":4,"minecraft:grindstone":1,"minecraft:stone_slab":8,"pixelmon:ultraspace_music_disc":1,"minecraft:stone_stairs":1,"pixelmon:white_apricorn":2,"thermal:oil_sand":1,"minecraft:salmon":20,"minecraft:flint_and_steel":1,"pixelmon:cooked_blue_apricorn":4,"pixelmon:blue_apricorn":1,"minecraft:orange_terracotta":1,"mysticalagriculture:inferium_essence":5,"pixelmon:cooked_red_apricorn":3,"forcecraft:spoils_bag":3,"minecraft:stone_pressure_plate":2,"minecraft:stone_bricks":1,"minecraft:arrow":2,"minecraft:wooden_pickaxe":1,"pixelmon:cooked_yellow_apricorn":1,"pixelmon:good_rod":1,"pixelmon:poke_ball":1},"minecraft:mined":{"minecraft:stone_pressure_plate":2,"byg:cattail":1,"gravestone:gravestone":5,"minecraft:grass_block":4,"pixelmon:crystal_block":11,"minecraft:sandstone":19,"minecraft:sandstone_stairs":1,"minecraft:spawner":1,"minecraft:tall_seagrass":1,"minecraft:vine":2,"minecraft:iron_bars":1,"minecraft:stone":9,"byg:cypress_leaves":1,"pixelmongo:incubator":1,"minecraft:red_bed":2,"minecraft:orange_terracotta":1,"byg:osiria_rose":1,"minecraft:soul_lantern":1,"thermal:oil_sand":1,"minecraft:crafting_table":1,"pixelmon:red_healer":1,"pixelmon:ultra_desert_sand":3,"minecraft:oak_wood":1,"minecraft:dead_bush":1,"minecraft:rose_bush":3,"minecraft:andesite_slab":2,"minecraft:stone_slab":2,"minecraft:tall_grass":2,"minecraft:grindstone":1,"minecraft:sugar_cane":4,"pixelmon:ultra_desert_sandstone":2,"minecraft:seagrass":1,"minecraft:stone_stairs":1,"minecraft:coarse_dirt":5,"lootr:trophy":1,"minecraft:cobblestone_wall":2,"byg:red_rock":96,"byg:short_grass":1,"minecraft:birch_leaves":1,"minecraft:grass":4,"minecraft:dead_brain_coral_wall_fan":2,"minecraft:oak_log":11,"minecraft:gravel":1,"minecraft:sand":215,"byg:palo_verde_log":3,"minecraft:terracotta":1,"minecraft:oak_leaves":15},"minecraft:killed":{"minecraft:vindicator":1,"minecraft:pillager":2,"minecraft:zombie":5},"minecraft:picked_up":{"minecraft:coarse_dirt":5,"byg:soapstone":1,"minecraft:stone_slab":8,"minecraft:cooked_rabbit":4,"gravestone:obituary":1,"pixelmon:ice_memory":1,"pixelmon:cooked_white_apricorn":1,"minecraft:red_bed":2,"minecraft:string":4,"minecraft:stone_stairs":2,"byg:red_rock":90,"byg:baobab_log":2,"pixelmon:paralyze_heal":1,"mysticalagriculture:inferium_essence":5,"minecraft:rose_bush":1,"quark:root_item":1,"pixelmongo:incubator":4,"minecraft:sugar_cane":10,"pixelmon:black_apricorn":2,"minecraft:stick":2,"minecraft:sandstone":15,"pixelmon:crystal_block":11,"a_man_with_plushies:plush_box":4,"minecraft:stone_button":3,"pixelmon:choice_band":1,"minecraft:stone_pressure_plate":2,"pixelmon:cooked_red_apricorn":3,"minecraft:arrow":2,"minecraft:rotten_flesh":4,"pixelmon:pink_apricorn":1,"pixelmon:pokecenter_music_disc":1,"pixelmon:ultraspace_music_disc":1,"minecraft:sandstone_stairs":1,"pixelmon:red_apricorn":2,"pixelmon:ultra_desert_sand":2,"minecraft:cobblestone":20,"pixelmon:raid_music_disc":1,"minecraft:salmon":10,"pixelmon:hyper_potion":5,"pixelmon:cooked_blue_apricorn":4,"pixelmon:poke_ball":1,"waystones:sandy_waystone":2,"pixelmon:aluminium_ingot":1,"minecraft:oak_log":11,"minecraft:cobblestone_wall":3,"minecraft:acacia_boat":1,"minecraft:dirt":5,"pixelmon:white_apricorn":2,"thermal:oil_sand":1,"lootr:trophy":2,"pixelmon:super_potion":1,"pixelmon:max_potion":3,"byg:osiria_rose":1,"minecraft:orange_terracotta":1,"a_man_with_plushies:off_plush":1,"pixelmon:cooked_pink_apricorn":3,"pixelmon:ultra_desert_sandstone":2,"minecraft:kelp":4,"pixelmon:potion":1,"minecraft:grindstone":1,"pixelmon:max_revive":5,"minecraft:cooked_chicken":4,"a_man_with_plushies:cuphead_plush":1,"minecraft:oak_planks":31,"pixelmon:x_accuracy":1,"minecraft:sand":209,"forcecraft:recovery_heart":1,"pixelmon:blue_apricorn":1,"pixelmon:cooked_yellow_apricorn":1,"inventorypets:pet_anvil":1,"minecraft:soul_lantern":1,"pixelmongo:egg":12,"byg:palo_verde_log":3,"minecraft:bread":1,"minecraft:andesite_slab":6}},"DataVersion":2586}