{"stats":{"minecraft:killed_by":{"minecraft:wither_skeleton":1,"minecraft:vindicator":3},"minecraft:mined":{"minecraft:stone_pressure_plate":2,"minecraft:spruce_trapdoor":1,"byg:cattail":1,"gravestone:gravestone":7,"minecraft:grass_block":4,"pixelmon:crystal_block":11,"minecraft:spruce_leaves":1,"pixelmon:elevator":6,"minecraft:sandstone":19,"minecraft:sandstone_stairs":1,"minecraft:spawner":1,"minecraft:tall_seagrass":1,"minecraft:iron_ore":2,"forcecraft:force_leaves":2,"minecraft:vine":2,"minecraft:iron_bars":1,"minecraft:stone":9,"byg:cypress_leaves":1,"pixelmongo:incubator":1,"minecraft:red_bed":2,"minecraft:orange_terracotta":1,"byg:osiria_rose":1,"minecraft:soul_lantern":1,"thermal:oil_sand":1,"pixelmon:red_healer":1,"minecraft:crafting_table":1,"pixelmon:ultra_desert_sand":3,"minecraft:oak_wood":1,"minecraft:andesite_slab":2,"minecraft:dead_bush":1,"minecraft:rose_bush":3,"minecraft:tall_grass":3,"minecraft:stone_slab":2,"minecraft:grindstone":1,"minecraft:sugar_cane":4,"pixelmon:ultra_desert_sandstone":2,"minecraft:seagrass":1,"minecraft:stone_stairs":1,"minecraft:coarse_dirt":5,"lootr:trophy":1,"minecraft:cobblestone_wall":2,"byg:red_rock":96,"byg:short_grass":2,"minecraft:birch_leaves":1,"minecraft:grass":7,"minecraft:dead_brain_coral_wall_fan":2,"minecraft:oak_log":15,"minecraft:sand":215,"minecraft:gravel":1,"byg:palo_verde_log":3,"minecraft:dirt":1,"minecraft:terracotta":1,"minecraft:oak_leaves":22},"minecraft:dropped":{"minecraft:bread":1,"minecraft:birch_planks":1,"forcecraft:life_card":1,"pixelmon:cooked_pink_apricorn":2,"inventorypets:pet_anvil":2,"pixelmon:pink_apricorn":1,"byg:red_rock":48,"minecraft:cobblestone":11,"pixelmon:destiny_knot":2,"pixelmon:rock_incense":1,"minecraft:stick":5,"minecraft:dirt":3,"pixelmon:ice_memory":1,"tconstruct:necrotic_bone":2,"minecraft:stone_button":3,"byg:soapstone":1,"minecraft:string":5,"minecraft:lily_pad":5,"byg:baobab_log":1,"pixelmon:poison_gem":1,"pixelmon:paralyze_heal":1,"pixelmon:black_apricorn":3,"pixelmon:aluminium_ingot":1,"lootr:trophy":2,"minecraft:kelp":6,"pixelmon:red_apricorn":2,"quark:root_item":1,"minecraft:iron_nugget":5,"minecraft:cobblestone_wall":3,"minecraft:andesite_slab":6,"minecraft:soul_lantern":1,"minecraft:rotten_flesh":4,"minecraft:grindstone":1,"pixelmon:cooked_green_apricorn":2,"pixelmon:ultraspace_music_disc":1,"minecraft:stone_slab":8,"minecraft:stone_stairs":1,"pixelmon:white_apricorn":2,"thermal:oil_sand":1,"minecraft:salmon":20,"pixelmon:cooked_white_apricorn":1,"minecraft:flint_and_steel":1,"pixelmon:cooked_blue_apricorn":4,"pixelmon:blue_apricorn":1,"minecraft:orange_terracotta":1,"minecraft:spruce_trapdoor":1,"mysticalagriculture:inferium_essence":5,"pixelmon:cooked_red_apricorn":3,"forcecraft:spoils_bag":3,"minecraft:stone_pressure_plate":2,"minecraft:stone_bricks":1,"minecraft:arrow":2,"minecraft:wooden_pickaxe":1,"pixelmon:normal_gem":1,"pixelmon:cooked_yellow_apricorn":2,"pixelmon:good_rod":1,"pixelmon:poke_ball":2},"minecraft:used":{"minecraft:rose_bush":1,"waystones:sandy_waystone":1,"minecraft:ladder":4,"pixelmon:ultra_desert_sand":1,"minecraft:iron_sword":39,"minecraft:cooked_chicken":4,"minecraft:dirt":13,"a_man_with_plushies:cuphead_plush":1,"minecraft:carrot":9,"minecraft:stone_stairs":1,"a_man_with_plushies:off_plush":1,"minecraft:iron_axe":13,"minecraft:stone_bricks":1,"a_man_with_plushies:plush_box":5,"minecraft:acacia_boat":1,"minecraft:sandstone_stairs":1,"minecraft:stone_pickaxe":78,"minecraft:wooden_pickaxe":20,"pixelmongo:incubator":2,"minecraft:sand":11,"minecraft:red_bed":4,"minecraft:crafting_table":4,"minecraft:apple":35,"minecraft:diamond_shovel":220,"minecraft:bread":32,"a_man_with_plushies:white_sheep_plush":1,"minecraft:spruce_sapling":3,"pixelmon:aluminium_pickaxe":76,"minecraft:stone_axe":29,"minecraft:cooked_rabbit":4,"quark:oak_chest":2,"minecraft:oak_boat":1,"minecraft:coarse_dirt":4,"byg:red_rock":42},"minecraft:killed":{"minecraft:vindicator":1,"minecraft:pillager":2,"minecraft:zombie":5,"minecraft:wither_skeleton":2},"minecraft:picked_up":{"minecraft:coarse_dirt":5,"byg:soapstone":1,"minecraft:stone_slab":8,"minecraft:cooked_rabbit":4,"gravestone:obituary":2,"pixelmon:ice_memory":1,"minecraft:red_bed":2,"minecraft:string":5,"pixelmon:cooked_white_apricorn":2,"minecraft:stone_stairs":2,"byg:red_rock":90,"byg:baobab_log":2,"pixelmon:paralyze_heal":1,"mysticalagriculture:inferium_essence":6,"minecraft:rose_bush":1,"quark:root_item":1,"pixelmongo:incubator":4,"minecraft:sugar_cane":10,"thermal:spinach_seeds":1,"minecraft:spruce_trapdoor":1,"pixelmon:black_apricorn":3,"minecraft:stick":2,"minecraft:sandstone":15,"pixelmon:gym_music_disc":1,"pixelmon:crystal_block":11,"a_man_with_plushies:plush_box":5,"minecraft:stone_button":3,"pixelmon:choice_band":1,"minecraft:stone_pressure_plate":2,"pixelmon:cooked_red_apricorn":3,"minecraft:arrow":2,"minecraft:rotten_flesh":4,"pixelmon:pink_apricorn":1,"pixelmon:pokecenter_music_disc":1,"pixelmon:ultraspace_music_disc":2,"minecraft:sandstone_stairs":1,"pixelmon:red_apricorn":3,"pixelmon:ultra_desert_sand":2,"minecraft:cobblestone":20,"pixelmon:raid_music_disc":1,"minecraft:salmon":10,"pixelmon:hyper_potion":5,"pixelmon:cooked_blue_apricorn":4,"pixelmon:poke_ball":2,"waystones:sandy_waystone":2,"pixelmon:aluminium_ingot":1,"minecraft:oak_log":15,"minecraft:lily_pad":5,"minecraft:cobblestone_wall":3,"minecraft:acacia_boat":1,"thermal:oil_sand":1,"pixelmon:white_apricorn":2,"minecraft:dirt":6,"lootr:trophy":2,"pixelmon:super_potion":1,"pixelmon:max_potion":3,"minecraft:orange_terracotta":1,"byg:osiria_rose":1,"pixelmon:elevator":6,"a_man_with_plushies:off_plush":1,"pixelmon:cooked_pink_apricorn":3,"pixelmon:ultra_desert_sandstone":2,"minecraft:kelp":8,"pixelmon:ultra_elm_boat":1,"pixelmon:potion":1,"thermal:tomato_seeds":1,"minecraft:grindstone":1,"a_man_with_plushies:white_sheep_plush":1,"pixelmon:max_revive":6,"minecraft:cooked_chicken":4,"minecraft:iron_ore":2,"a_man_with_plushies:cuphead_plush":1,"minecraft:oak_planks":31,"tcg:pack":1,"forcecraft:life_card":1,"tconstruct:necrotic_bone":2,"pixelmon:x_accuracy":1,"minecraft:gravel":1,"minecraft:sand":209,"minecraft:spruce_sapling":3,"forcecraft:recovery_heart":1,"pixelmon:blue_apricorn":1,"pixelmon:cooked_yellow_apricorn":2,"pixelmon:cooked_green_apricorn":2,"inventorypets:pet_anvil":1,"minecraft:soul_lantern":1,"pixelmongo:egg":13,"byg:palo_verde_log":3,"minecraft:bread":1,"minecraft:coal":1,"minecraft:andesite_slab":6},"minecraft:custom":{"lootr:looted_stat":81,"minecraft:mob_kills":10,"minecraft:interact_with_crafting_table":8,"minecraft:interact_with_campfire":8,"minecraft:damage_dealt_resisted":285,"minecraft:leave_game":2,"minecraft:time_since_death":14302,"minecraft:climb_one_cm":12688,"minecraft:sprint_one_cm":759700,"minecraft:walk_one_cm":399502,"minecraft:drop":108,"minecraft:deaths":7,"minecraft:sneak_time":1434,"minecraft:walk_under_water_one_cm":38672,"minecraft:boat_one_cm":3813,"minecraft:interact_with_lectern":1,"minecraft:jump":3805,"minecraft:walk_on_water_one_cm":32930,"minecraft:play_one_minute":286073,"minecraft:sleep_in_bed":9,"minecraft:time_since_rest":2409,"minecraft:waystone_activated":4,"minecraft:damage_taken":3906,"minecraft:damage_dealt":2222,"minecraft:swim_one_cm":198493,"minecraft:fly_one_cm":1104118,"minecraft:open_chest":74,"minecraft:crouch_one_cm":3874,"minecraft:fall_one_cm":153794},"minecraft:crafted":{"minecraft:air":126}},"DataVersion":2586}