{"stats":{"minecraft:used":{"minecraft:bread":2,"minecraft:coarse_dirt":3},"minecraft:dropped":{"pixelmon:paralyze_heal":1},"minecraft:custom":{"minecraft:time_since_rest":13302,"minecraft:play_one_minute":23966,"minecraft:crouch_one_cm":62,"minecraft:sprint_one_cm":30193,"lootr:looted_stat":1,"minecraft:walk_one_cm":11662,"minecraft:damage_taken":230,"minecraft:deaths":1,"minecraft:sneak_time":27,"minecraft:walk_under_water_one_cm":12266,"minecraft:drop":1,"minecraft:jump":186,"minecraft:time_since_death":13263,"minecraft:walk_on_water_one_cm":2668,"minecraft:sleep_in_bed":1,"minecraft:swim_one_cm":29034,"minecraft:fall_one_cm":5316,"minecraft:fly_one_cm":54175},"minecraft:mined":{"gravestone:gravestone":1,"minecraft:tall_seagrass":1,"minecraft:coarse_dirt":4,"minecraft:gravel":1},"minecraft:picked_up":{"pixelmon:cooked_red_apricorn":2,"minecraft:coarse_dirt":4,"pixelmon:paralyze_heal":1,"pixelmon:hyper_potion":1,"minecraft:stone_button":3,"pixelmon:red_apricorn":1,"pixelmongo:incubator":1}},"DataVersion":2586}