{"stats":{"minecraft:crafted":{"minecraft:air":24},"minecraft:used":{"minecraft:sandstone_stairs":1,"minecraft:stone_pickaxe":1,"minecraft:wooden_pickaxe":20,"minecraft:dirt":1,"minecraft:crafting_table":2,"minecraft:red_bed":1,"minecraft:stone_stairs":1,"minecraft:bread":7,"minecraft:stone_bricks":1,"minecraft:stone_axe":2,"a_man_with_plushies:plush_box":1,"minecraft:coarse_dirt":4},"minecraft:dropped":{"minecraft:bread":1,"minecraft:birch_planks":1,"minecraft:andesite_slab":4,"minecraft:stone_slab":8,"minecraft:stone_stairs":1,"minecraft:dirt":2,"minecraft:stone_button":3,"minecraft:arrow":2,"minecraft:wooden_pickaxe":1,"minecraft:string":1,"pixelmon:paralyze_heal":1},"minecraft:mined":{"minecraft:red_bed":1,"minecraft:soul_lantern":1,"thermal:oil_sand":1,"byg:cattail":1,"minecraft:crafting_table":1,"gravestone:gravestone":1,"minecraft:grass_block":2,"minecraft:dead_bush":1,"minecraft:andesite_slab":1,"minecraft:stone_slab":2,"minecraft:grindstone":1,"minecraft:sugar_cane":4,"minecraft:sandstone_stairs":1,"minecraft:seagrass":1,"minecraft:stone_stairs":1,"minecraft:tall_seagrass":1,"minecraft:coarse_dirt":5,"minecraft:cobblestone_wall":1,"minecraft:dead_brain_coral_wall_fan":1,"byg:palo_verde_log":3,"minecraft:gravel":1,"minecraft:stone":6},"minecraft:custom":{"lootr:looted_stat":6,"minecraft:interact_with_crafting_table":2,"minecraft:play_one_minute":45833,"minecraft:leave_game":1,"minecraft:time_since_death":35130,"minecraft:sleep_in_bed":2,"minecraft:time_since_rest":7237,"minecraft:waystone_activated":1,"minecraft:sprint_one_cm":93657,"minecraft:damage_taken":450,"minecraft:walk_one_cm":35815,"minecraft:drop":14,"minecraft:damage_dealt":37,"minecraft:swim_one_cm":73600,"minecraft:fly_one_cm":173250,"minecraft:crouch_one_cm":62,"minecraft:deaths":1,"minecraft:sneak_time":57,"minecraft:walk_under_water_one_cm":15409,"minecraft:jump":587,"minecraft:walk_on_water_one_cm":7206,"minecraft:fall_one_cm":18161},"minecraft:picked_up":{"minecraft:coarse_dirt":5,"pixelmon:hyper_potion":1,"minecraft:stone_slab":8,"pixelmon:cooked_blue_apricorn":1,"waystones:sandy_waystone":1,"minecraft:cobblestone_wall":1,"thermal:oil_sand":1,"minecraft:dirt":3,"minecraft:string":1,"minecraft:red_bed":1,"minecraft:stone_stairs":2,"pixelmon:cooked_pink_apricorn":1,"pixelmon:paralyze_heal":1,"mysticalagriculture:inferium_essence":1,"minecraft:grindstone":1,"pixelmon:max_revive":1,"quark:root_item":1,"pixelmongo:incubator":2,"minecraft:sugar_cane":10,"pixelmon:black_apricorn":1,"a_man_with_plushies:plush_box":1,"minecraft:stone_button":3,"pixelmon:cooked_red_apricorn":2,"pixelmon:cooked_yellow_apricorn":1,"minecraft:arrow":2,"minecraft:soul_lantern":1,"byg:palo_verde_log":3,"minecraft:sandstone_stairs":1,"minecraft:bread":1,"pixelmon:red_apricorn":1,"minecraft:andesite_slab":4,"minecraft:cobblestone":6}},"DataVersion":2586}