{"stats":{"minecraft:crafted":{"minecraft:air":102},"minecraft:used":{"minecraft:rose_bush":1,"waystones:sandy_waystone":1,"minecraft:ladder":4,"pixelmon:ultra_desert_sand":1,"minecraft:iron_sword":7,"minecraft:cooked_chicken":4,"minecraft:dirt":2,"minecraft:stone_stairs":1,"minecraft:stone_bricks":1,"a_man_with_plushies:plush_box":3,"minecraft:acacia_boat":1,"minecraft:sandstone_stairs":1,"minecraft:stone_pickaxe":78,"minecraft:wooden_pickaxe":20,"pixelmongo:incubator":1,"minecraft:sand":11,"minecraft:crafting_table":3,"minecraft:red_bed":4,"minecraft:apple":17,"minecraft:diamond_shovel":214,"minecraft:bread":17,"pixelmon:aluminium_pickaxe":60,"minecraft:stone_axe":29,"minecraft:cooked_rabbit":4,"minecraft:coarse_dirt":4,"byg:red_rock":42},"minecraft:custom":{"lootr:looted_stat":56,"minecraft:mob_kills":7,"minecraft:interact_with_crafting_table":6,"minecraft:interact_with_campfire":8,"minecraft:leave_game":1,"minecraft:time_since_death":147966,"minecraft:climb_one_cm":4214,"minecraft:sprint_one_cm":380794,"minecraft:walk_one_cm":188447,"minecraft:drop":84,"minecraft:deaths":1,"minecraft:sneak_time":940,"minecraft:walk_under_water_one_cm":28400,"minecraft:boat_one_cm":3474,"minecraft:interact_with_lectern":1,"minecraft:jump":2216,"minecraft:walk_on_water_one_cm":18925,"minecraft:play_one_minute":158669,"minecraft:sleep_in_bed":4,"minecraft:time_since_rest":55102,"minecraft:waystone_activated":3,"minecraft:damage_taken":1470,"minecraft:damage_dealt":1520,"minecraft:swim_one_cm":144441,"minecraft:fly_one_cm":650782,"minecraft:open_chest":17,"minecraft:crouch_one_cm":1759,"minecraft:fall_one_cm":101649},"minecraft:dropped":{"minecraft:bread":1,"minecraft:birch_planks":1,"pixelmon:cooked_pink_apricorn":2,"inventorypets:pet_anvil":2,"pixelmon:pink_apricorn":1,"byg:red_rock":48,"minecraft:cobblestone":11,"minecraft:stick":1,"minecraft:dirt":3,"pixelmon:ice_memory":1,"minecraft:stone_button":3,"byg:soapstone":1,"minecraft:string":3,"byg:baobab_log":1,"pixelmon:poison_gem":1,"pixelmon:paralyze_heal":1,"pixelmon:black_apricorn":2,"pixelmon:aluminium_ingot":1,"lootr:trophy":2,"minecraft:kelp":2,"pixelmon:red_apricorn":1,"quark:root_item":1,"minecraft:iron_nugget":5,"minecraft:cobblestone_wall":3,"minecraft:andesite_slab":6,"minecraft:soul_lantern":1,"minecraft:rotten_flesh":4,"minecraft:grindstone":1,"minecraft:stone_slab":8,"pixelmon:ultraspace_music_disc":1,"minecraft:stone_stairs":1,"pixelmon:white_apricorn":2,"thermal:oil_sand":1,"minecraft:salmon":20,"minecraft:flint_and_steel":1,"pixelmon:cooked_blue_apricorn":4,"pixelmon:blue_apricorn":1,"mysticalagriculture:inferium_essence":5,"pixelmon:cooked_red_apricorn":3,"forcecraft:spoils_bag":3,"minecraft:stone_pressure_plate":1,"minecraft:stone_bricks":1,"minecraft:arrow":2,"minecraft:wooden_pickaxe":1,"pixelmon:cooked_yellow_apricorn":1,"pixelmon:good_rod":1,"pixelmon:poke_ball":1},"minecraft:mined":{"minecraft:stone_pressure_plate":2,"byg:cattail":1,"gravestone:gravestone":1,"minecraft:grass_block":4,"pixelmon:crystal_block":11,"minecraft:sandstone":14,"minecraft:sandstone_stairs":1,"minecraft:spawner":1,"minecraft:tall_seagrass":1,"minecraft:vine":1,"minecraft:iron_bars":1,"minecraft:stone":6,"pixelmongo:incubator":1,"minecraft:red_bed":2,"minecraft:orange_terracotta":1,"minecraft:soul_lantern":1,"thermal:oil_sand":1,"minecraft:crafting_table":1,"pixelmon:red_healer":1,"pixelmon:ultra_desert_sand":3,"minecraft:dead_bush":1,"minecraft:rose_bush":1,"minecraft:andesite_slab":2,"minecraft:stone_slab":2,"minecraft:tall_grass":1,"minecraft:grindstone":1,"minecraft:sugar_cane":4,"pixelmon:ultra_desert_sandstone":2,"minecraft:seagrass":1,"minecraft:stone_stairs":1,"minecraft:coarse_dirt":5,"lootr:trophy":1,"minecraft:cobblestone_wall":2,"byg:red_rock":96,"byg:short_grass":1,"minecraft:grass":2,"minecraft:dead_brain_coral_wall_fan":2,"minecraft:oak_log":11,"minecraft:gravel":1,"minecraft:sand":209,"byg:palo_verde_log":3,"minecraft:terracotta":1,"minecraft:oak_leaves":4},"minecraft:killed":{"minecraft:pillager":2,"minecraft:zombie":5},"minecraft:picked_up":{"minecraft:coarse_dirt":5,"byg:soapstone":1,"minecraft:stone_slab":8,"minecraft:cooked_rabbit":4,"pixelmon:ice_memory":1,"pixelmon:cooked_white_apricorn":1,"minecraft:red_bed":2,"minecraft:string":3,"minecraft:stone_stairs":2,"byg:red_rock":90,"byg:baobab_log":2,"pixelmon:paralyze_heal":1,"mysticalagriculture:inferium_essence":5,"minecraft:rose_bush":1,"quark:root_item":1,"pixelmongo:incubator":3,"minecraft:sugar_cane":10,"pixelmon:black_apricorn":2,"minecraft:stick":1,"minecraft:sandstone":10,"pixelmon:crystal_block":11,"a_man_with_plushies:plush_box":3,"minecraft:stone_button":3,"pixelmon:choice_band":1,"minecraft:stone_pressure_plate":2,"pixelmon:cooked_red_apricorn":3,"minecraft:arrow":2,"minecraft:rotten_flesh":4,"pixelmon:pink_apricorn":1,"pixelmon:pokecenter_music_disc":1,"pixelmon:ultraspace_music_disc":1,"minecraft:sandstone_stairs":1,"pixelmon:red_apricorn":1,"pixelmon:ultra_desert_sand":2,"minecraft:cobblestone":17,"minecraft:salmon":10,"pixelmon:hyper_potion":4,"pixelmon:cooked_blue_apricorn":4,"pixelmon:poke_ball":1,"waystones:sandy_waystone":2,"pixelmon:aluminium_ingot":1,"minecraft:oak_log":11,"minecraft:cobblestone_wall":3,"minecraft:acacia_boat":1,"minecraft:dirt":5,"pixelmon:white_apricorn":2,"thermal:oil_sand":1,"lootr:trophy":2,"pixelmon:max_potion":2,"minecraft:orange_terracotta":1,"a_man_with_plushies:off_plush":1,"pixelmon:cooked_pink_apricorn":2,"pixelmon:ultra_desert_sandstone":2,"minecraft:kelp":4,"pixelmon:potion":1,"minecraft:grindstone":1,"pixelmon:max_revive":5,"minecraft:cooked_chicken":4,"a_man_with_plushies:cuphead_plush":1,"minecraft:oak_planks":20,"minecraft:sand":203,"forcecraft:recovery_heart":1,"pixelmon:blue_apricorn":1,"pixelmon:cooked_yellow_apricorn":1,"inventorypets:pet_anvil":1,"minecraft:soul_lantern":1,"pixelmongo:egg":9,"byg:palo_verde_log":3,"minecraft:bread":1,"minecraft:andesite_slab":6}},"DataVersion":2586}